candidate_claim,claim_title,101_statutory_category,101_utility,101_eligibility,102_novelty_search,103_nonobviousness,112a_written_description,112a_enablement,112a_best_mode,112b_definiteness,112f_structure_algorithm,p1_priority_support,figure_support,inventorship_review,material_information_review,public_disclosure_review,overall_status,notes
1,Integrated runtime resolution,REVIEWED,IN_PROGRESS,IN_PROGRESS,IN_PROGRESS,IN_PROGRESS,EXACT_FROZEN_P1_SUPPORT_CONTROLLED,IN_PROGRESS,INVENTOR_REVIEW_REQUIRED,IN_PROGRESS,IN_PROGRESS,EXACT_FROZEN_P1_SUPPORT_CONTROLLED,IN_PROGRESS,INVENTOR_REVIEW_REQUIRED,IN_PROGRESS,IN_PROGRESS,NOT_READY,"Independent claim. Exact frozen-P1 control is CLAIM1_EXACT_FROZEN_P1_SUPPORT_CONTROL.md. Combination-level support is mapped; sentence-level exact-PDF coordinates for inference and transcript-independent durable write-back remain open, along with drawings and remaining legal/prior-art gates."
2,Provenance evidence correction freshness permission filtering,REVIEWED,IN_PROGRESS,IN_PROGRESS,IN_PROGRESS,IN_PROGRESS,IN_PROGRESS,IN_PROGRESS,INVENTOR_REVIEW_REQUIRED,IN_PROGRESS,IN_PROGRESS,IN_PROGRESS,IN_PROGRESS,INVENTOR_REVIEW_REQUIRED,IN_PROGRESS,IN_PROGRESS,NOT_READY,"Depends from claim 1; verify each filtering alternative against exact frozen P1."
3,Inference-resource budget,REVIEWED,IN_PROGRESS,IN_PROGRESS,IN_PROGRESS,IN_PROGRESS,IN_PROGRESS,IN_PROGRESS,INVENTOR_REVIEW_REQUIRED,IN_PROGRESS,IN_PROGRESS,IN_PROGRESS,IN_PROGRESS,INVENTOR_REVIEW_REQUIRED,IN_PROGRESS,IN_PROGRESS,NOT_READY,"Depends from claim 1; exact breadth of budget alternatives requires P1 reconciliation."
4,Event lifecycle relevance,REVIEWED,IN_PROGRESS,IN_PROGRESS,IN_PROGRESS,IN_PROGRESS,IN_PROGRESS,IN_PROGRESS,INVENTOR_REVIEW_REQUIRED,IN_PROGRESS,IN_PROGRESS,IN_PROGRESS,IN_PROGRESS,INVENTOR_REVIEW_REQUIRED,IN_PROGRESS,IN_PROGRESS,NOT_READY,"Depends from claim 1."
5,Correction supersession and preserved provenance,REVIEWED,IN_PROGRESS,IN_PROGRESS,IN_PROGRESS,IN_PROGRESS,IN_PROGRESS,IN_PROGRESS,INVENTOR_REVIEW_REQUIRED,IN_PROGRESS,IN_PROGRESS,IN_PROGRESS,IN_PROGRESS,INVENTOR_REVIEW_REQUIRED,IN_PROGRESS,IN_PROGRESS,NOT_READY,"Depends from claim 1; preserve distinction between provenance retention and current-slice suppression."
6,Model-independent durable reconstruction,REVIEWED,IN_PROGRESS,IN_PROGRESS,IN_PROGRESS,IN_PROGRESS,IN_PROGRESS,IN_PROGRESS,INVENTOR_REVIEW_REQUIRED,IN_PROGRESS,IN_PROGRESS,IN_PROGRESS,IN_PROGRESS,INVENTOR_REVIEW_REQUIRED,IN_PROGRESS,IN_PROGRESS,NOT_READY,"Depends from claim 1; transcript-independence boundary requires definiteness review."
7,Physical identifier namespace resolution and write-back,REVIEWED,IN_PROGRESS,IN_PROGRESS,IN_PROGRESS,IN_PROGRESS,VERIFY_EXACT_FILED_PAGES,VERIFY_EXACT_FILED_PAGES,INVENTOR_REVIEW_REQUIRED,IN_PROGRESS,IN_PROGRESS,VERIFY_EXACT_FILED_PAGES,VERIFY_EXACT_FILED_PAGES,INVENTOR_REVIEW_REQUIRED,IN_PROGRESS,IN_PROGRESS,NOT_READY,"Depends from claim 1; candidate source chart flags mobile embodiment for exact-filed-page verification."
8,Offline capture and authoritative reconciliation,REVIEWED,IN_PROGRESS,IN_PROGRESS,IN_PROGRESS,IN_PROGRESS,VERIFY_EXACT_FILED_PAGES,VERIFY_EXACT_FILED_PAGES,INVENTOR_REVIEW_REQUIRED,IN_PROGRESS,IN_PROGRESS,VERIFY_EXACT_FILED_PAGES,VERIFY_EXACT_FILED_PAGES,INVENTOR_REVIEW_REQUIRED,IN_PROGRESS,IN_PROGRESS,NOT_READY,"Depends from claim 7; exact filed mobile/field support must be verified."
9,Workstream continuity under Person State change,REVIEWED,IN_PROGRESS,IN_PROGRESS,IN_PROGRESS,IN_PROGRESS,EXACT_TEXT_COORDINATES_RECONCILED,IN_PROGRESS,INVENTOR_REVIEW_REQUIRED,IN_PROGRESS,IN_PROGRESS,EXACT_TEXT_COORDINATES_RECONCILED,FIGS_4_8_INSPECTION_REQUIRED,INVENTOR_REVIEW_REQUIRED,IN_PROGRESS,IN_PROGRESS,NOT_READY,"Independent claim. Exact frozen-P1 text control is CLAIM9_EXACT_FROZEN_P1_SUPPORT_CONTROL.md. General architecture is persistent/resumable workstream plus mutable checkpoint/resume state; universal static resume-point invariance is excluded. Frozen FIGS. 4/8 and remaining legal/prior-art gates remain open."
10,Person State fields and field-specific freshness,REVIEWED,IN_PROGRESS,IN_PROGRESS,IN_PROGRESS,IN_PROGRESS,IN_PROGRESS,IN_PROGRESS,INVENTOR_REVIEW_REQUIRED,IN_PROGRESS,IN_PROGRESS,IN_PROGRESS,IN_PROGRESS,INVENTOR_REVIEW_REQUIRED,IN_PROGRESS,IN_PROGRESS,NOT_READY,"Depends from claim 9."
11,Newer evidence correction or supersession before resume,REVIEWED,IN_PROGRESS,IN_PROGRESS,IN_PROGRESS,IN_PROGRESS,IN_PROGRESS,IN_PROGRESS,INVENTOR_REVIEW_REQUIRED,IN_PROGRESS,IN_PROGRESS,IN_PROGRESS,IN_PROGRESS,INVENTOR_REVIEW_REQUIRED,IN_PROGRESS,IN_PROGRESS,NOT_READY,"Depends from claim 9; important to mutable checkpoint/resume-state architecture."
12,Do-not-repeat state,REVIEWED,IN_PROGRESS,IN_PROGRESS,IN_PROGRESS,IN_PROGRESS,IN_PROGRESS,IN_PROGRESS,INVENTOR_REVIEW_REQUIRED,IN_PROGRESS,IN_PROGRESS,IN_PROGRESS,IN_PROGRESS,INVENTOR_REVIEW_REQUIRED,IN_PROGRESS,IN_PROGRESS,NOT_READY,"Depends from claim 9."
13,Mobile or voice feasibility transition,REVIEWED,IN_PROGRESS,IN_PROGRESS,IN_PROGRESS,IN_PROGRESS,IN_PROGRESS,IN_PROGRESS,INVENTOR_REVIEW_REQUIRED,IN_PROGRESS,IN_PROGRESS,IN_PROGRESS,IN_PROGRESS,INVENTOR_REVIEW_REQUIRED,IN_PROGRESS,IN_PROGRESS,NOT_READY,"Depends from claim 9."
14,Bounded resume package,REVIEWED,IN_PROGRESS,IN_PROGRESS,IN_PROGRESS,IN_PROGRESS,IN_PROGRESS,IN_PROGRESS,INVENTOR_REVIEW_REQUIRED,IN_PROGRESS,IN_PROGRESS,IN_PROGRESS,IN_PROGRESS,INVENTOR_REVIEW_REQUIRED,IN_PROGRESS,IN_PROGRESS,NOT_READY,"Depends from claim 9; exact resume point and permission-information boundaries require review."
15,Provider-independent handoff,REVIEWED,IN_PROGRESS,IN_PROGRESS,IN_PROGRESS,IN_PROGRESS,FROZEN_P1_ARTIFACT_BOUNDARY_CONTROLLED,IN_PROGRESS,INVENTOR_REVIEW_REQUIRED,IN_PROGRESS,IN_PROGRESS,FROZEN_P1_ARTIFACT_BOUNDARY_CONTROLLED,IN_PROGRESS,INVENTOR_REVIEW_REQUIRED,IN_PROGRESS,IN_PROGRESS,NOT_READY,"Independent claim. CLAIM15_FROZEN_P1_BOUNDARY_CONTROL.md now pins §112(a)/priority analysis to the exact frozen specification and drawings by immutable artifact identities. This is boundary control, not support clearance: limitation-level exact-PDF coordinates, FIG. 6 relationships, breadth review, enablement, definiteness, prior-art, inventorship, best-mode, candor/disclosure, and final QA remain open. Claims 16-20 inherit this unresolved gate and require separate reconciliation for their added limitations."
16,Different provider or local-cloud runtime transfer,REVIEWED,IN_PROGRESS,IN_PROGRESS,IN_PROGRESS,IN_PROGRESS,IN_PROGRESS,IN_PROGRESS,INVENTOR_REVIEW_REQUIRED,IN_PROGRESS,IN_PROGRESS,IN_PROGRESS,IN_PROGRESS,INVENTOR_REVIEW_REQUIRED,IN_PROGRESS,IN_PROGRESS,NOT_READY,"Depends from claim 15; inherits Claim 15 frozen-P1 boundary and separately requires exact support for provider/local-cloud alternatives."
17,Handoff correction provenance permission evidence do-not-repeat,REVIEWED,IN_PROGRESS,IN_PROGRESS,IN_PROGRESS,IN_PROGRESS,IN_PROGRESS,IN_PROGRESS,INVENTOR_REVIEW_REQUIRED,IN_PROGRESS,IN_PROGRESS,IN_PROGRESS,IN_PROGRESS,INVENTOR_REVIEW_REQUIRED,IN_PROGRESS,IN_PROGRESS,NOT_READY,"Depends from claim 15; inherits Claim 15 frozen-P1 boundary; verify every alternative individually."
18,Permission-scoped reduced handoff,REVIEWED,IN_PROGRESS,IN_PROGRESS,IN_PROGRESS,IN_PROGRESS,IN_PROGRESS,IN_PROGRESS,INVENTOR_REVIEW_REQUIRED,IN_PROGRESS,IN_PROGRESS,IN_PROGRESS,IN_PROGRESS,INVENTOR_REVIEW_REQUIRED,IN_PROGRESS,IN_PROGRESS,NOT_READY,"Depends from claim 15; inherits Claim 15 frozen-P1 boundary and requires exact support for reduced permission-scoped handoff."
19,Replacement endpoint restore,REVIEWED,IN_PROGRESS,IN_PROGRESS,IN_PROGRESS,IN_PROGRESS,VERIFY_EXACT_FILED_PAGES,VERIFY_EXACT_FILED_PAGES,INVENTOR_REVIEW_REQUIRED,IN_PROGRESS,IN_PROGRESS,VERIFY_EXACT_FILED_PAGES,VERIFY_EXACT_FILED_PAGES,INVENTOR_REVIEW_REQUIRED,IN_PROGRESS,IN_PROGRESS,NOT_READY,"Depends from claim 15; inherits Claim 15 frozen-P1 boundary; candidate source chart additionally flags mobile/field embodiment for exact-filed-page verification."
20,Post-reconstruction durable write-back,REVIEWED,IN_PROGRESS,IN_PROGRESS,IN_PROGRESS,IN_PROGRESS,IN_PROGRESS,IN_PROGRESS,INVENTOR_REVIEW_REQUIRED,IN_PROGRESS,IN_PROGRESS,IN_PROGRESS,IN_PROGRESS,INVENTOR_REVIEW_REQUIRED,IN_PROGRESS,IN_PROGRESS,NOT_READY,"Depends from claim 15; inherits Claim 15 frozen-P1 boundary; closes provider-independent continuity loop only if exact frozen support is established."
