p1_coordinate,disclosure_title,support_status,proof_ids,source_paths,earliest_support_date,implementation_receipts,notes
SPEC-01,System Overview,historical_conception_support,APEP-00000001;APEP-00000013,AdroitechLogic/Canonical Concepts/Adroitech OS Logic Core Archive.md,2026-05-26 source-stated / 2026-07-12 Git-verified,,Foundational-source mapping only. Later evidence does not establish P1 disclosure.
SPEC-02,Person-Specific Namespace Resolution,evidence_linking_in_progress,,,,,
SPEC-03,World Graph Construction and Storage,evidence_linking_in_progress,,,,,
SPEC-04,Relationship and Event State,evidence_linking_in_progress,,,,,
SPEC-05,Person State Modeling,p1_context_only,APEP-00000002,AdroitechLogic/Canonical Concepts/Adroitech OS Logic Core Archive.md,2026-05-26 source-stated / 2026-07-12 Git-verified,,Foundational-source mapping only. Later evidence does not establish P1 disclosure.
SPEC-06,Context VM Modeling,evidence_linking_in_progress,,,,,
SPEC-07,Dynamic Relevance Determination,historical_conception_support,APEP-00000002;APEP-00000005;APEP-00000006;APEP-00000008;APEP-00000010,AdroitechLogic/Canonical Concepts/Adroitech OS Logic Core Archive.md,2026-05-26 source-stated / 2026-07-12 Git-verified,,Foundational-source mapping only. Later evidence does not establish P1 disclosure.
SPEC-08,Bounded World-Slice Construction,historical_conception_support,APEP-00000004;APEP-00000010,AdroitechLogic/Canonical Concepts/Adroitech OS Logic Core Archive.md,2026-05-26 source-stated / 2026-07-12 Git-verified,,Foundational-source mapping only. Later evidence does not establish P1 disclosure.
SPEC-09,Inference and Action Selection,historical_conception_support,APEP-00000006;APEP-00000008,AdroitechLogic/Canonical Concepts/Adroitech OS Logic Core Archive.md,2026-05-26 source-stated / 2026-07-12 Git-verified,,Foundational-source mapping only. Later evidence does not establish P1 disclosure.
SPEC-10,Correction and Supersession,p1_context_only,APEP-00000014,AdroitechLogic/Canonical Concepts/Adroitech OS Logic Core Archive.md,2026-05-26 source-stated / 2026-07-12 Git-verified,,Foundational-source mapping only. Later evidence does not establish P1 disclosure.
SPEC-11,Continuity Hypervisor Operation,evidence_linking_in_progress,,,,,
SPEC-12,Cross-Provider Continuity,evidence_linking_in_progress,,,,,
SPEC-13,Sovereign Memory and Portability,historical_conception_support,APEP-00000001;APEP-00000003;APEP-00000012,AdroitechLogic/Canonical Concepts/Adroitech OS Logic Core Archive.md,2026-05-26 source-stated / 2026-07-12 Git-verified,,Foundational-source mapping only. Later evidence does not establish P1 disclosure.
SPEC-14,Transferable Skill Embodiment,evidence_linking_in_progress,,,,,
SPEC-15,"Multimodal, Mobile, and Voice-First Embodiments",evidence_linking_in_progress,,,,,
SPEC-16,Multi-Person and Privacy Embodiments,p1_context_only,APEP-00000004,AdroitechLogic/Canonical Concepts/Adroitech OS Logic Core Archive.md,2026-05-26 source-stated / 2026-07-12 Git-verified,,Foundational-source mapping only. Later evidence does not establish P1 disclosure.
SPEC-17,Data Minimization and Context Budget Optimization,historical_conception_support,APEP-00000003;APEP-00000010,AdroitechLogic/Canonical Concepts/Adroitech OS Logic Core Archive.md,2026-05-26 source-stated / 2026-07-12 Git-verified,,Foundational-source mapping only. Later evidence does not establish P1 disclosure.
SPEC-18,Resume Integration Cost,p1_context_only,APEP-00000009;APEP-00000011,AdroitechLogic/Canonical Concepts/Adroitech OS Logic Core Archive.md,2026-05-26 source-stated / 2026-07-12 Git-verified,,Foundational-source mapping only. Later evidence does not establish P1 disclosure.
SPEC-19,Distributed Person-Centered Operating Layer,historical_conception_support,APEP-00000001;APEP-00000012;APEP-00000013,AdroitechLogic/Canonical Concepts/Adroitech OS Logic Core Archive.md,2026-05-26 source-stated / 2026-07-12 Git-verified,,Foundational-source mapping only. Later evidence does not establish P1 disclosure.
SPEC-20,Mission-Oriented Terminal Embodiment,p1_context_only,APEP-00000011,AdroitechLogic/Canonical Concepts/Adroitech OS Logic Core Archive.md,2026-05-26 source-stated / 2026-07-12 Git-verified,,Foundational-source mapping only. Later evidence does not establish P1 disclosure.
SPEC-21,Heterogeneous Substrate and Cross-System Orchestration,evidence_linking_in_progress,,,,,
SPEC-22,Business Operating-System Embodiment,p1_context_only,APEP-00000009,AdroitechLogic/Canonical Concepts/Adroitech OS Logic Core Archive.md,2026-05-26 source-stated / 2026-07-12 Git-verified,,Foundational-source mapping only. Later evidence does not establish P1 disclosure.
SPEC-23,Sovereign Mobile Runtime Layering,evidence_linking_in_progress,,,,,
SPEC-24,Physical Asset to Person or Business World Model,evidence_linking_in_progress,,,,,
SPEC-25,Offline Field Capture and Reconciliation,evidence_linking_in_progress,,,,,
SPEC-26,Authenticated Human and Authenticated Device Provenance,evidence_linking_in_progress,,,,,
SPEC-27,Controlled Portal and Action Surface,evidence_linking_in_progress,,,,,
SPEC-28,Replacement Endpoint and Restore,evidence_linking_in_progress,,,,,
SPEC-29,Modular Skill Flow Path Under the Operating Layer,evidence_linking_in_progress,,,,,
SPEC-30,Secondary Downflow and Dependency-Chain Embodiments,evidence_linking_in_progress,,,,,
SPEC-31,Secondary Patent-Flow Preservation Layer,p1_context_only,APEP-00000014,AdroitechLogic/Canonical Concepts/Adroitech OS Logic Core Archive.md,2026-05-26 source-stated / 2026-07-12 Git-verified,,Foundational-source mapping only. Later evidence does not establish P1 disclosure.
FIG-01,Overall System Architecture,historical_conception_support,APEP-00000001;APEP-00000013,AdroitechLogic/Canonical Concepts/Adroitech OS Logic Core Archive.md,2026-05-26 source-stated / 2026-07-12 Git-verified,,Foundational-source mapping only.
FIG-02,Person Namespace / Human World Graph,evidence_linking_in_progress,,,,,
FIG-03,Runtime Resolution Flow,historical_conception_support,APEP-00000006;APEP-00000008,AdroitechLogic/Canonical Concepts/Adroitech OS Logic Core Archive.md,2026-05-26 source-stated / 2026-07-12 Git-verified,,Foundational-source mapping only.
FIG-04,Separation of State Classes,evidence_linking_in_progress,,,,,
FIG-05,Dynamic Relevance,historical_conception_support,APEP-00000002;APEP-00000005;APEP-00000006;APEP-00000010,AdroitechLogic/Canonical Concepts/Adroitech OS Logic Core Archive.md,2026-05-26 source-stated / 2026-07-12 Git-verified,,Foundational-source mapping only.
FIG-06,Cross-Provider Continuity,evidence_linking_in_progress,,,,,
FIG-07,Correction and Supersession,p1_context_only,APEP-00000014,AdroitechLogic/Canonical Concepts/Adroitech OS Logic Core Archive.md,2026-05-26 source-stated / 2026-07-12 Git-verified,,Foundational-source mapping only.
FIG-08,Frozen Workstream / Moving Human,evidence_linking_in_progress,,,,,
FIG-09,Minimal Current World Slice,historical_conception_support,APEP-00000010,AdroitechLogic/Canonical Concepts/Adroitech OS Logic Core Archive.md,2026-05-26 source-stated / 2026-07-12 Git-verified,,Foundational-source mapping only.
FIG-10,Transferable Skill Embodiment,evidence_linking_in_progress,,,,,
FIG-11,Multi-Person Privacy Boundary,evidence_linking_in_progress,,,,,
FIG-12,Resume Integration Cost,p1_context_only,APEP-00000009;APEP-00000011,AdroitechLogic/Canonical Concepts/Adroitech OS Logic Core Archive.md,2026-05-26 source-stated / 2026-07-12 Git-verified,,Foundational-source mapping only.
FIG-13,Sovereign Mobile Runtime Layering,evidence_linking_in_progress,,,,,
FIG-14,Physical Asset Scan to Material Write-Back,evidence_linking_in_progress,,,,,
FIG-15,Replacement Endpoint / Provider-Independent Restore,evidence_linking_in_progress,,,,,
FIG-16,Distributed Person-Centered Operating Layer,historical_conception_support,APEP-00000001;APEP-00000012;APEP-00000013,AdroitechLogic/Canonical Concepts/Adroitech OS Logic Core Archive.md,2026-05-26 source-stated / 2026-07-12 Git-verified,,Foundational-source mapping only.
FIG-17,Bounded Active AI Context over Durable Operating Memory,historical_conception_support,APEP-00000010,AdroitechLogic/Canonical Concepts/Adroitech OS Logic Core Archive.md,2026-05-26 source-stated / 2026-07-12 Git-verified,,Foundational-source mapping only.
FIG-18,One Mission Across Heterogeneous Systems and Endpoints,evidence_linking_in_progress,,,,,
FIG-19,Modular Skill-Flow Path,evidence_linking_in_progress,,,,,
FIG-20,Secondary Downflow Extraction,evidence_linking_in_progress,,,,,
FIG-21,Receipt-Driven Execution and Material Write-Back,evidence_linking_in_progress,,,,,
FIG-22,Transcript / Noisy-Input Reconstruction,evidence_linking_in_progress,,,,,
FIG-23,Dependency Collision and Do-Not-Repeat State,evidence_linking_in_progress,,,,,
FIG-24,Downflow Portfolio Tree,evidence_linking_in_progress,,,,,
CLAIM-1,Integrated runtime resolution,exact_frozen_p1_support_controlled,,,2026-09-16,,"Operative independent claim. CLAIM1_EXACT_FROZEN_P1_SUPPORT_CONTROL.md controls the frozen-P1 boundary. Remaining sentence-level coordinates and filing gates are tracked separately."
CLAIM-2,Provenance evidence correction freshness permission filtering,exact_frozen_p1_support_controlled,,,2026-09-16,,"CLAIM2_EXACT_FROZEN_P1_SUPPORT_CONTROL.md controls all operative alternatives."
CLAIM-3,Inference-resource budget,exact_frozen_p1_support_controlled,,,2026-09-16,,"CLAIM3_EXACT_FROZEN_P1_SUPPORT_CONTROL.md controls the operative budget limitation and enumerated alternatives."
CLAIM-4,Event lifecycle relevance,exact_frozen_p1_support_controlled,,,2026-09-16,,"CLAIM4_EXACT_FROZEN_P1_SUPPORT_CONTROL.md controls lifecycle-driven relevance/activation."
CLAIM-5,Correction supersession and preserved provenance,exact_frozen_p1_support_controlled,,,2026-09-16,,"CLAIM5_EXACT_FROZEN_P1_SUPPORT_CONTROL.md controls correction, preserved provenance, supersession, and activation behavior."
CLAIM-6,Model-independent durable reconstruction,exact_frozen_p1_support_controlled,,,2026-09-16,,"CLAIM6_EXACT_FROZEN_P1_SUPPORT_CONTROL.md controls durable-state independence and replacement-runtime reconstruction; FIG. 6 reconciled separately."
CLAIM-7,Physical identifier namespace resolution and write-back,exact_frozen_p1_support_controlled,,,2026-09-16,,"CLAIMS7_8_EXACT_FROZEN_P1_SUPPORT_CONTROL.md controls physical-identifier capture, resolution, write-back, and provenance."
CLAIM-8,Offline capture and authoritative reconciliation,exact_frozen_p1_support_controlled,,,2026-09-16,,"CLAIMS7_8_EXACT_FROZEN_P1_SUPPORT_CONTROL.md controls offline queuing and later authoritative reconciliation."
CLAIM-9,Workstream continuity under Person State change,exact_text_coordinates_reconciled,,,2026-09-16,,"CLAIM9_EXACT_FROZEN_P1_SUPPORT_CONTROL.md controls exact frozen-P1 text. Static resume-pointer invariance is excluded; FIGS. 4/8 remain visual-QA items."
CLAIM-10,Person State fields and field-specific freshness,exact_frozen_p1_support_controlled,,,2026-09-16,,"CLAIM10_EXACT_FROZEN_P1_SUPPORT_CONTROL.md controls enumerated Person State fields and field-specific freshness."
CLAIM-11,Newer evidence correction or supersession before resume,exact_frozen_p1_support_controlled,,,2026-09-16,,"CLAIM11_EXACT_FROZEN_P1_SUPPORT_CONTROL.md controls P1 ordering; antecedent-basis cure is governed by 2026-10-03_CLAIM11_ANTECEDENT_BASIS_CURE.md."
CLAIM-12,Do-not-repeat state,p1_priority_wording_cured_by_narrowing,,,2026-09-16,,"CLAIMS12_13_FILING_NARROWING_CONTROL.md governs. Unsupported completed/rejected taxonomy and express suppression-result limitation remain excluded."
CLAIM-13,Mobile feasibility transition,p1_priority_wording_cured_by_narrowing,,,2026-09-16,,"CLAIMS12_13_FILING_NARROWING_CONTROL.md governs. Voice/retrieval alternatives remain excluded."
CLAIM-14,Bounded resume package,exact_frozen_p1_support_controlled,,,2026-09-16,,"CLAIM14_EXACT_FROZEN_P1_SUPPORT_CONTROL.md controls bounded resume package and permission-scope information."
CLAIM-15,Provider-independent handoff,exact_frozen_p1_support_controlled,,,2026-09-16,,"CLAIM15_EXACT_FROZEN_P1_SUPPORT_CONTROL.md controls operative limitations against frozen specification and FIG. 6."
CLAIM-16,Different provider or local-cloud runtime transfer,exact_frozen_p1_support_controlled,,,2026-09-16,,"CLAIMS16_20_EXACT_FROZEN_P1_SUPPORT_CONTROL.md controls provider-change and local/hosted alternatives."
CLAIM-17,Handoff correction provenance permission evidence do-not-repeat,exact_frozen_p1_support_controlled,,,2026-09-16,,"CLAIMS16_20_EXACT_FROZEN_P1_SUPPORT_CONTROL.md controls the operative alternatives."
CLAIM-18,Permission-scoped reduced handoff,exact_frozen_p1_support_controlled,,,2026-09-16,,"CLAIMS16_20_EXACT_FROZEN_P1_SUPPORT_CONTROL.md controls permission filtering and restricted subgraphs."
CLAIM-19,Replacement endpoint restore,exact_frozen_p1_support_controlled,,,2026-09-16,,"Clearance is limited to narrowed canonical wording; unsupported loss/replacement/retirement enrollment lifecycle remains outside P1 priority."
CLAIM-20,Post-reconstruction durable write-back,exact_frozen_p1_support_controlled,,,2026-09-16,,"CLAIMS16_20_EXACT_FROZEN_P1_SUPPORT_CONTROL.md controls post-reconstruction material write-back; undisclosed unsolicited push delivery is excluded."
