thesis_section,claim_or_topic,status,evidence_role,strongest_current_source,proof_ids,p1_coordinates,next_action
"1","Human is still the middleware","active","historical_problem_plus_architecture","HUMAN_INTEGRATION_WITH_AI_THESIS_PROJECT.md","","","Backfill early human-integration and repeated-reconstruction evidence"
"2","Human is not the spreadsheet","active","historical_thesis_plus_behavioral_rule","Human Condition/Social Nuance lineage; AI Social Contract report","","","Link earliest preserved source, corrections, and later runtime rules"
"3","Transcript is not intent","active","operating_standard","AI Operating Model transcript/intent doctrine","","","Map noisy-input examples, corrections, and behavior tests"
"4","Person-specific continuity architecture","active","architecture_plus_implementation","Person Model Runtime / Person State / Context VM / Continuity Hypervisor records","","SPEC-05;SPEC-06;SPEC-07;SPEC-08;SPEC-11","Map proof IDs and operational receipts"
"5","Sovereign memory and replaceable intelligence","active","architecture_plus_sovereignty","Sovereign-memory, portability, cross-provider continuity records","","SPEC-12;SPEC-13;SPEC-28","Map provider/device replacement evidence"
"6","Bounded participation and human authority","active","ethical_theory_plus_runtime_policy","Human Integration thesis; dignity/non-deception; relational-scale records","","","Trace historical roots and implementation skills"
"7","Transferable human-integration skills","active","skill_architecture_plus_behavior","Skill corpus and P1 modular-skill architecture","","SPEC-14;SPEC-29;CLAIM-D","Map each human-integration skill to proof chain and tests"
"8","Real-life concurrency","active","field_observation_plus_operational_milestone","2026-09-11 thesis operational amendment","","","Add privacy-safe concurrency receipts and resume tests"
"9","Adroitech OS engineering embodiment","active","system_architecture_plus_runtime","Adroitech OS architecture; operational milestone; P1","","SPEC-19;SPEC-21;SPEC-22","Map system-level receipts without overstating whole-system coverage"
"10","Evaluation methods","developing","research_method","Thesis project + peer-review venue matrix","","","Define measurable continuity, resume-cost, correction, bounded-context, and portability tests"
"11","Limitations and counterarguments","developing","critical_analysis","Peer-review risk register; privacy/IP controls","","","Continuously add contrary evidence, failure cases, and unresolved limits"
"12","Implications","developing","synthesis","Living proof corpus","","","Refine only after evidence/evaluation strengthens"
"1;2;3;6;10;11","AI reviewer misinterpretation, correction recurrence, and reconstruction burden","active","field_observation_plus_failure_case","reviews/2026-09-20_AI_REVIEWER_FAILURE_ASSESSMENT.md","","","Use as a qualitative AI failure case; do not treat as independent proof of the human researcher's biography"
"2;3;6;10;11","Spreadsheeting / label reification / dignity under uncertainty","active","historical_lineage_plus_operating_doctrine","THESIS/SPREADSHEETING_LINEAGE.md; Logic Core benefit-of-the-doubt + ground-truth-handshake + AGENTS.md","","","Backfill earlier dated conversation examples as recovered; test presentation leakage, label persistence, role decomposition, and correction propagation"
